layer,similarity
0,0.99563617
1,0.94206387
2,0.76842034
