layer,similarity
0,0.99824387
1,0.968901
2,0.90611285
3,0.83123213
4,0.65964186
