layer,similarity
0,0.9987667
1,0.98248196
2,0.9615729
3,0.93228656
4,0.8875378
5,0.8466487
6,0.7964878
7,0.71630085
8,0.4929001
