layer,similarity
0,0.9991041
1,0.983274
2,0.95892906
3,0.9257637
4,0.8868608
5,0.85618186
6,0.7870198
7,0.61316913
8,0.26846156
