layer,similarity
0,0.99886775
1,0.974115
2,0.8974237
3,0.77848035
4,0.35718223
