layer,similarity
0,0.9954015
1,0.894634
2,0.5272223
