layer,similarity
0,0.99887794
1,0.98859674
2,0.97019416
3,0.93958986
4,0.89150566
5,0.85045636
6,0.8032412
7,0.75624305
8,0.51831543
