layer,similarity
0,0.9963952
1,0.9696051
2,0.90195453
