layer,similarity
0,0.99864095
1,0.9771208
2,0.9139
3,0.82852906
4,0.7123376
